0004_03.png,nan,nan,nan,nan,nan,nan,nan,nan,
0005_08.png,nan,nan,nan,nan,nan,nan,nan,nan,
0008_01.png,nan,nan,nan,nan,nan,nan,nan,nan,
0011_02.png,nan,nan,nan,nan,nan,nan,nan,nan,
0011_03.png,nan,nan,nan,nan,nan,nan,nan,nan,
0014_04.png,nan,nan,nan,nan,nan,nan,nan,nan,
0014_05.png,nan,nan,nan,nan,nan,nan,nan,nan,
0017_02.png,nan,nan,nan,nan,nan,nan,nan,nan,
0020_02.png,nan,nan,nan,nan,nan,nan,nan,nan,
0024_02.png,nan,nan,nan,nan,nan,nan,nan,nan,
0025_02.png,nan,nan,nan,nan,nan,nan,nan,nan,
0029_01.png,nan,nan,nan,nan,nan,nan,nan,nan,
0036_02.png,nan,nan,nan,nan,nan,nan,nan,nan,
0036_05.png,nan,nan,nan,nan,nan,nan,nan,nan,
0037_01.png,nan,nan,nan,nan,nan,nan,nan,nan,
0039_03.png,nan,nan,nan,nan,nan,nan,nan,nan,
0047_04.png,nan,nan,nan,nan,nan,nan,nan,nan,
0048_01.png,nan,nan,nan,nan,nan,nan,nan,nan,
0052_03.png,nan,nan,nan,nan,nan,nan,nan,nan,
0054_01.png,nan,nan,nan,nan,nan,nan,nan,nan,
0057_01.png,nan,nan,nan,nan,nan,nan,nan,nan,
0057_02.png,nan,nan,nan,nan,nan,nan,nan,nan,
0061_01.png,nan,nan,nan,nan,nan,nan,nan,nan,
0062_01.png,nan,nan,nan,nan,nan,nan,nan,nan,
0066_03.png,nan,nan,nan,nan,nan,nan,nan,nan,
0066_05.png,nan,nan,nan,nan,nan,nan,nan,nan,
0067_01.png,nan,nan,nan,nan,nan,nan,nan,nan,
0070_01.png,nan,nan,nan,nan,nan,nan,nan,nan,
0071_04.png,nan,nan,nan,nan,nan,nan,nan,nan,
0072_02.png,nan,nan,nan,nan,nan,nan,nan,nan,
0073_01.png,nan,nan,nan,nan,nan,nan,nan,nan,
0081_03.png,nan,nan,nan,nan,nan,nan,nan,nan,
0084_02.png,nan,nan,nan,nan,nan,nan,nan,nan,
0092_01.png,nan,nan,nan,nan,nan,nan,nan,nan,
0092_06.png,nan,nan,nan,nan,nan,nan,nan,nan,
0097_02.png,nan,nan,nan,nan,nan,nan,nan,nan,
0101_02.png,nan,nan,nan,nan,nan,nan,nan,nan,
0102_03.png,nan,nan,nan,nan,nan,nan,nan,nan,
0105_01.png,nan,nan,nan,nan,nan,nan,nan,nan,
0105_03.png,nan,nan,nan,nan,nan,nan,nan,nan,
0105_06.png,nan,nan,nan,nan,nan,nan,nan,nan,
0113_01.png,nan,nan,nan,nan,nan,nan,nan,nan,
0113_02.png,nan,nan,nan,nan,nan,nan,nan,nan,
0116_03.png,nan,nan,nan,nan,nan,nan,nan,nan,
0116_05.png,nan,nan,nan,nan,nan,nan,nan,nan,
0117_01.png,nan,nan,nan,nan,nan,nan,nan,nan,
0119_02.png,nan,nan,nan,nan,nan,nan,nan,nan,
0123_03.png,nan,nan,nan,nan,nan,nan,nan,nan,
0126_02.png,nan,nan,nan,nan,nan,nan,nan,nan,
0126_05.png,nan,nan,nan,nan,nan,nan,nan,nan,
0126_10.png,nan,nan,nan,nan,nan,nan,nan,nan,
0130_01.png,nan,nan,nan,nan,nan,nan,nan,nan,
0135_02.png,nan,nan,nan,nan,nan,nan,nan,nan,
0135_05.png,nan,nan,nan,nan,nan,nan,nan,nan,
0148_02.png,nan,nan,nan,nan,nan,nan,nan,nan,
0148_04.png,nan,nan,nan,nan,nan,nan,nan,nan,
0149_01.png,nan,nan,nan,nan,nan,nan,nan,nan,
0150_03.png,nan,nan,nan,nan,nan,nan,nan,nan,
0151_05.png,nan,nan,nan,nan,nan,nan,nan,nan,
0153_03.png,nan,nan,nan,nan,nan,nan,nan,nan,
0155_02.png,nan,nan,nan,nan,nan,nan,nan,nan,
0156_03.png,nan,nan,nan,nan,nan,nan,nan,nan,
0162_02.png,nan,nan,nan,nan,nan,nan,nan,nan,
0163_01.png,nan,nan,nan,nan,nan,nan,nan,nan,
0163_02.png,nan,nan,nan,nan,nan,nan,nan,nan,
0166_02.png,nan,nan,nan,nan,nan,nan,nan,nan,
0167_01.png,nan,nan,nan,nan,nan,nan,nan,nan,
0169_05.png,nan,nan,nan,nan,nan,nan,nan,nan,
0173_01.png,nan,nan,nan,nan,nan,nan,nan,nan,
0174_01.png,nan,nan,nan,nan,nan,nan,nan,nan,
0175_04.png,nan,nan,nan,nan,nan,nan,nan,nan,
0176_03.png,nan,nan,nan,nan,nan,nan,nan,nan,
0182_03.png,nan,nan,nan,nan,nan,nan,nan,nan,
0183_02.png,nan,nan,nan,nan,nan,nan,nan,nan,
0184_01.png,nan,nan,nan,nan,nan,nan,nan,nan,
0184_02.png,nan,nan,nan,nan,nan,nan,nan,nan,
0188_01.png,nan,nan,nan,nan,nan,nan,nan,nan,
0189_01.png,nan,nan,nan,nan,nan,nan,nan,nan,
0194_05.png,nan,nan,nan,nan,nan,nan,nan,nan,
199_01.png,nan,nan,nan,nan,nan,nan,nan,nan,
200_02.png,nan,nan,nan,nan,nan,nan,nan,nan,
201_03.png,nan,nan,nan,nan,nan,nan,nan,nan,
203_03.png,nan,nan,nan,nan,nan,nan,nan,nan,
204_05.png,nan,nan,nan,nan,nan,nan,nan,nan,
205_01.png,nan,nan,nan,nan,nan,nan,nan,nan,
209_01.png,nan,nan,nan,nan,nan,nan,nan,nan,
211_01.png,nan,nan,nan,nan,nan,nan,nan,nan,
212_01.png,nan,nan,nan,nan,nan,nan,nan,nan,
212_02.png,nan,nan,nan,nan,nan,nan,nan,nan,
213_02.png,nan,nan,nan,nan,nan,nan,nan,nan,
215_01.png,nan,nan,nan,nan,nan,nan,nan,nan,
215_03.png,nan,nan,nan,nan,nan,nan,nan,nan,
216_03.png,nan,nan,nan,nan,nan,nan,nan,nan,
221_06.png,nan,nan,nan,nan,nan,nan,nan,nan,
221_07.png,nan,nan,nan,nan,nan,nan,nan,nan,
237_04.png,nan,nan,nan,nan,nan,nan,nan,nan,
243_01.png,nan,nan,nan,nan,nan,nan,nan,nan,
251_01.png,nan,nan,nan,nan,nan,nan,nan,nan,
255_01.png,nan,nan,nan,nan,nan,nan,nan,nan,
255_02.png,nan,nan,nan,nan,nan,nan,nan,nan,
257_02.png,nan,nan,nan,nan,nan,nan,nan,nan,
258_03.png,nan,nan,nan,nan,nan,nan,nan,nan,
262_02.png,nan,nan,nan,nan,nan,nan,nan,nan,
275_07.png,nan,nan,nan,nan,nan,nan,nan,nan,
277_01.png,nan,nan,nan,nan,nan,nan,nan,nan,
279_01.png,nan,nan,nan,nan,nan,nan,nan,nan,
281_01.png,nan,nan,nan,nan,nan,nan,nan,nan,
282_01.png,nan,nan,nan,nan,nan,nan,nan,nan,
283_01.png,nan,nan,nan,nan,nan,nan,nan,nan,
283_03.png,nan,nan,nan,nan,nan,nan,nan,nan,
288_01.png,nan,nan,nan,nan,nan,nan,nan,nan,
292_03.png,nan,nan,nan,nan,nan,nan,nan,nan,
294_03.png,nan,nan,nan,nan,nan,nan,nan,nan,
300_07.png,nan,nan,nan,nan,nan,nan,nan,nan,
301_05.png,nan,nan,nan,nan,nan,nan,nan,nan,
301_07.png,nan,nan,nan,nan,nan,nan,nan,nan,
302_02.png,nan,nan,nan,nan,nan,nan,nan,nan,
304_01.png,nan,nan,nan,nan,nan,nan,nan,nan,
306_02.png,nan,nan,nan,nan,nan,nan,nan,nan,
307_01.png,nan,nan,nan,nan,nan,nan,nan,nan,
309_04.png,nan,nan,nan,nan,nan,nan,nan,nan,
310_02.png,nan,nan,nan,nan,nan,nan,nan,nan,
310_03.png,nan,nan,nan,nan,nan,nan,nan,nan,
311_02.png,nan,nan,nan,nan,nan,nan,nan,nan,
311_04.png,nan,nan,nan,nan,nan,nan,nan,nan,
319_01.png,nan,nan,nan,nan,nan,nan,nan,nan,
319_05.png,nan,nan,nan,nan,nan,nan,nan,nan,
319_06.png,nan,nan,nan,nan,nan,nan,nan,nan,
322_01.png,nan,nan,nan,nan,nan,nan,nan,nan,
324_02.png,nan,nan,nan,nan,nan,nan,nan,nan,
326_03.png,nan,nan,nan,nan,nan,nan,nan,nan,
328_01.png,nan,nan,nan,nan,nan,nan,nan,nan,
329_03.png,nan,nan,nan,nan,nan,nan,nan,nan,
333_02.png,nan,nan,nan,nan,nan,nan,nan,nan,
338_04.png,nan,nan,nan,nan,nan,nan,nan,nan,
339_01.png,nan,nan,nan,nan,nan,nan,nan,nan,
341_02.png,nan,nan,nan,nan,nan,nan,nan,nan,
341_04.png,nan,nan,nan,nan,nan,nan,nan,nan,
344_02.png,nan,nan,nan,nan,nan,nan,nan,nan,
345_01.png,nan,nan,nan,nan,nan,nan,nan,nan,
345_03.png,nan,nan,nan,nan,nan,nan,nan,nan,
347_01.png,nan,nan,nan,nan,nan,nan,nan,nan,
347_04.png,nan,nan,nan,nan,nan,nan,nan,nan,
350_04.png,nan,nan,nan,nan,nan,nan,nan,nan,
352_01.png,nan,nan,nan,nan,nan,nan,nan,nan,
352_04.png,nan,nan,nan,nan,nan,nan,nan,nan,
353_05.png,nan,nan,nan,nan,nan,nan,nan,nan,
357_02.png,nan,nan,nan,nan,nan,nan,nan,nan,
361_02.png,nan,nan,nan,nan,nan,nan,nan,nan,
365_01.png,nan,nan,nan,nan,nan,nan,nan,nan,
367_01.png,nan,nan,nan,nan,nan,nan,nan,nan,
368_01.png,nan,nan,nan,nan,nan,nan,nan,nan,
369_01.png,nan,nan,nan,nan,nan,nan,nan,nan,
369_03.png,nan,nan,nan,nan,nan,nan,nan,nan,
392_01.png,nan,nan,nan,nan,nan,nan,nan,nan,
392_07.png,nan,nan,nan,nan,nan,nan,nan,nan,
399_01.png,nan,nan,nan,nan,nan,nan,nan,nan,
399_02.png,nan,nan,nan,nan,nan,nan,nan,nan,
400_01.png,nan,nan,nan,nan,nan,nan,nan,nan,
401_01.png,nan,nan,nan,nan,nan,nan,nan,nan,
401_02.png,nan,nan,nan,nan,nan,nan,nan,nan,
402_01.png,nan,nan,nan,nan,nan,nan,nan,nan,
404_01.png,nan,nan,nan,nan,nan,nan,nan,nan,
406_02.png,nan,nan,nan,nan,nan,nan,nan,nan,
412_02.png,nan,nan,nan,nan,nan,nan,nan,nan,
414_07.png,nan,nan,nan,nan,nan,nan,nan,nan,
421_02.png,nan,nan,nan,nan,nan,nan,nan,nan,
428_01.png,nan,nan,nan,nan,nan,nan,nan,nan,
430_02.png,nan,nan,nan,nan,nan,nan,nan,nan,
430_04.png,nan,nan,nan,nan,nan,nan,nan,nan,
432_04.png,nan,nan,nan,nan,nan,nan,nan,nan,
433_02.png,nan,nan,nan,nan,nan,nan,nan,nan,
434_02.png,nan,nan,nan,nan,nan,nan,nan,nan,
436_04.png,nan,nan,nan,nan,nan,nan,nan,nan,
436_06.png,nan,nan,nan,nan,nan,nan,nan,nan,
438_01.png,nan,nan,nan,nan,nan,nan,nan,nan,
439_04.png,nan,nan,nan,nan,nan,nan,nan,nan,
444_01.png,nan,nan,nan,nan,nan,nan,nan,nan,
446_01.png,nan,nan,nan,nan,nan,nan,nan,nan,
451_01.png,nan,nan,nan,nan,nan,nan,nan,nan,
452_01.png,nan,nan,nan,nan,nan,nan,nan,nan,
456_04.png,nan,nan,nan,nan,nan,nan,nan,nan,
457_04.png,nan,nan,nan,nan,nan,nan,nan,nan,
460_02.png,nan,nan,nan,nan,nan,nan,nan,nan,
462_01.png,nan,nan,nan,nan,nan,nan,nan,nan,
462_02.png,nan,nan,nan,nan,nan,nan,nan,nan,
467_02.png,nan,nan,nan,nan,nan,nan,nan,nan,
471_02.png,nan,nan,nan,nan,nan,nan,nan,nan,
474_01.png,nan,nan,nan,nan,nan,nan,nan,nan,
483_02.png,nan,nan,nan,nan,nan,nan,nan,nan,
484_01.png,nan,nan,nan,nan,nan,nan,nan,nan,
495_03.png,nan,nan,nan,nan,nan,nan,nan,nan,
496_01.png,nan,nan,nan,nan,nan,nan,nan,nan,
496_06.png,nan,nan,nan,nan,nan,nan,nan,nan,
504_01.png,nan,nan,nan,nan,nan,nan,nan,nan,
505_01.png,nan,nan,nan,nan,nan,nan,nan,nan,
508_01.png,nan,nan,nan,nan,nan,nan,nan,nan,
508_02.png,nan,nan,nan,nan,nan,nan,nan,nan,
511_01.png,nan,nan,nan,nan,nan,nan,nan,nan,
512_01.png,nan,nan,nan,nan,nan,nan,nan,nan,
516_01.png,nan,nan,nan,nan,nan,nan,nan,nan,
519_01.png,nan,nan,nan,nan,nan,nan,nan,nan,
523_02.png,nan,nan,nan,nan,nan,nan,nan,nan,
524_03.png,nan,nan,nan,nan,nan,nan,nan,nan,
525_02.png,nan,nan,nan,nan,nan,nan,nan,nan,
528_03.png,nan,nan,nan,nan,nan,nan,nan,nan,
529_02.png,nan,nan,nan,nan,nan,nan,nan,nan,
531_02.png,nan,nan,nan,nan,nan,nan,nan,nan,
537_01.png,nan,nan,nan,nan,nan,nan,nan,nan,
539_02.png,nan,nan,nan,nan,nan,nan,nan,nan,
541_01.png,nan,nan,nan,nan,nan,nan,nan,nan,
545_01.png,nan,nan,nan,nan,nan,nan,nan,nan,
547_05.png,nan,nan,nan,nan,nan,nan,nan,nan,
549_01.png,nan,nan,nan,nan,nan,nan,nan,nan,
556_01.png,nan,nan,nan,nan,nan,nan,nan,nan,
558_02.png,nan,nan,nan,nan,nan,nan,nan,nan,
560_01.png,nan,nan,nan,nan,nan,nan,nan,nan,
560_02.png,nan,nan,nan,nan,nan,nan,nan,nan,
563_01.png,nan,nan,nan,nan,nan,nan,nan,nan,
564_03.png,nan,nan,nan,nan,nan,nan,nan,nan,
573_01.png,nan,nan,nan,nan,nan,nan,nan,nan,
574_01.png,nan,nan,nan,nan,nan,nan,nan,nan,
579_01.png,nan,nan,nan,nan,nan,nan,nan,nan,
587_02.png,nan,nan,nan,nan,nan,nan,nan,nan,
588_04.png,nan,nan,nan,nan,nan,nan,nan,nan,
588_10.png,nan,nan,nan,nan,nan,nan,nan,nan,
591_03.png,nan,nan,nan,nan,nan,nan,nan,nan,
600_04.png,nan,nan,nan,nan,nan,nan,nan,nan,
602_03.png,nan,nan,nan,nan,nan,nan,nan,nan,
603_03.png,nan,nan,nan,nan,nan,nan,nan,nan,
607_06.png,nan,nan,nan,nan,nan,nan,nan,nan,
608_01.png,nan,nan,nan,nan,nan,nan,nan,nan,
608_02.png,nan,nan,nan,nan,nan,nan,nan,nan,
608_03.png,nan,nan,nan,nan,nan,nan,nan,nan,
611_01.png,nan,nan,nan,nan,nan,nan,nan,nan,
615_02.png,nan,nan,nan,nan,nan,nan,nan,nan,
616_02.png,nan,nan,nan,nan,nan,nan,nan,nan,
618_02.png,nan,nan,nan,nan,nan,nan,nan,nan,
626_09.png,nan,nan,nan,nan,nan,nan,nan,nan,
628_02.png,nan,nan,nan,nan,nan,nan,nan,nan,
629_05.png,nan,nan,nan,nan,nan,nan,nan,nan,
632_03.png,nan,nan,nan,nan,nan,nan,nan,nan,
634_01.png,nan,nan,nan,nan,nan,nan,nan,nan,
634_05.png,nan,nan,nan,nan,nan,nan,nan,nan,
636_07.png,nan,nan,nan,nan,nan,nan,nan,nan,
636_08.png,nan,nan,nan,nan,nan,nan,nan,nan,
639_06.png,nan,nan,nan,nan,nan,nan,nan,nan,
640_03.png,nan,nan,nan,nan,nan,nan,nan,nan,
641_01.png,nan,nan,nan,nan,nan,nan,nan,nan,
643_02.png,nan,nan,nan,nan,nan,nan,nan,nan,
648_09.png,nan,nan,nan,nan,nan,nan,nan,nan,
649_05.png,nan,nan,nan,nan,nan,nan,nan,nan,
652_04.png,nan,nan,nan,nan,nan,nan,nan,nan,
658_01.png,nan,nan,nan,nan,nan,nan,nan,nan,
659_01.png,nan,nan,nan,nan,nan,nan,nan,nan,
660_03.png,nan,nan,nan,nan,nan,nan,nan,nan,
661_02.png,nan,nan,nan,nan,nan,nan,nan,nan,
662_01.png,nan,nan,nan,nan,nan,nan,nan,nan,
664_01.png,nan,nan,nan,nan,nan,nan,nan,nan,
667_02.png,nan,nan,nan,nan,nan,nan,nan,nan,
671_01.png,nan,nan,nan,nan,nan,nan,nan,nan,
677_01.png,nan,nan,nan,nan,nan,nan,nan,nan,
678_01.png,nan,nan,nan,nan,nan,nan,nan,nan,
687_01.png,nan,nan,nan,nan,nan,nan,nan,nan,
689_01.png,nan,nan,nan,nan,nan,nan,nan,nan,
689_02.png,nan,nan,nan,nan,nan,nan,nan,nan,
693_01.png,nan,nan,nan,nan,nan,nan,nan,nan,
702_01.png,nan,nan,nan,nan,nan,nan,nan,nan,
704_02.png,nan,nan,nan,nan,nan,nan,nan,nan,
708_02.png,nan,nan,nan,nan,nan,nan,nan,nan,
710_02.png,nan,nan,nan,nan,nan,nan,nan,nan,
720_01.png,nan,nan,nan,nan,nan,nan,nan,nan,
736_02.png,nan,nan,nan,nan,nan,nan,nan,nan,
746_01.png,nan,nan,nan,nan,nan,nan,nan,nan,
755_01.png,nan,nan,nan,nan,nan,nan,nan,nan,
757_01.png,nan,nan,nan,nan,nan,nan,nan,nan,
759_01.png,nan,nan,nan,nan,nan,nan,nan,nan,
759_03.png,nan,nan,nan,nan,nan,nan,nan,nan,
761_02.png,nan,nan,nan,nan,nan,nan,nan,nan,
762_01.png,nan,nan,nan,nan,nan,nan,nan,nan,
770_01.png,nan,nan,nan,nan,nan,nan,nan,nan,
781_05.png,nan,nan,nan,nan,nan,nan,nan,nan,
784_01.png,nan,nan,nan,nan,nan,nan,nan,nan,
784_02.png,nan,nan,nan,nan,nan,nan,nan,nan,
790_03.png,nan,nan,nan,nan,nan,nan,nan,nan,
791_01.png,nan,nan,nan,nan,nan,nan,nan,nan,
807_02.png,nan,nan,nan,nan,nan,nan,nan,nan,
811_02.png,nan,nan,nan,nan,nan,nan,nan,nan,
813_02.png,nan,nan,nan,nan,nan,nan,nan,nan,
819_01.png,nan,nan,nan,nan,nan,nan,nan,nan,
824_02.png,nan,nan,nan,nan,nan,nan,nan,nan,
824_03.png,nan,nan,nan,nan,nan,nan,nan,nan,
830_01.png,nan,nan,nan,nan,nan,nan,nan,nan,
832_01.png,nan,nan,nan,nan,nan,nan,nan,nan,
832_02.png,nan,nan,nan,nan,nan,nan,nan,nan,
833_02.png,nan,nan,nan,nan,nan,nan,nan,nan,
835_05.png,nan,nan,nan,nan,nan,nan,nan,nan,
836_01.png,nan,nan,nan,nan,nan,nan,nan,nan,
837_01.png,nan,nan,nan,nan,nan,nan,nan,nan,
837_02.png,nan,nan,nan,nan,nan,nan,nan,nan,
